{
    "mdsDat": {
        "x": [
            -0.23424048655424576,
            -0.06085249985362173,
            0.19918345681826036,
            -0.08323052957524767,
            -0.06238946795251283,
            -0.1229859710800326,
            0.0650075049363918,
            0.09199952049534667,
            -0.07139448673900096,
            0.27890295950466365
        ],
        "y": [
            0.008064632992299073,
            0.17770136264734468,
            -0.15036228454651443,
            -0.12955806648492024,
            -0.03666452515867058,
            -0.04221956676000213,
            0.2655735707920123,
            -0.1943878975271644,
            0.009701720094845642,
            0.09215105395076985
        ],
        "topics": [
            1,
            2,
            3,
            4,
            5,
            6,
            7,
            8,
            9,
            10
        ],
        "cluster": [
            1,
            1,
            1,
            1,
            1,
            1,
            1,
            1,
            1,
            1
        ],
        "Freq": [
            10.65504923092343,
            10.403461284254153,
            10.049422961897664,
            10.043201872878555,
            10.018880528893199,
            9.979545456790193,
            9.968870094293484,
            9.844606297792684,
            9.7406539644826,
            9.296308307794035
        ]
    },
    "tinfo": {
        "Term": [
            "member",
            "people",
            "government",
            "friend",
            "bill",
            "debate",
            "country",
            "local",
            "year",
            "matter",
            "work",
            "industry",
            "area",
            "increase",
            "service",
            "point",
            "question",
            "order",
            "business",
            "child",
            "authority",
            "pay",
            "school",
            "house",
            "make",
            "company",
            "benefit",
            "report",
            "amendment",
            "case",
            "tax",
            "rate",
            "cut",
            "budget",
            "low",
            "income",
            "employment",
            "pension",
            "expenditure",
            "unemployment",
            "spending",
            "finance",
            "estimate",
            "credit",
            "allowance",
            "pensioner",
            "sum",
            "saving",
            "reduction",
            "wage",
            "revenue",
            "pound",
            "figure",
            "deficit",
            "tory",
            "household",
            "incentive",
            "taxation",
            "vat",
            "earn",
            "benefit",
            "inflation",
            "increase",
            "spend",
            "pay",
            "money",
            "rise",
            "job",
            "cost",
            "amount",
            "reduce",
            "year",
            "government",
            "labour",
            "economy",
            "fall",
            "high",
            "policy",
            "fund",
            "scheme",
            "conservative",
            "level",
            "public",
            "people",
            "family",
            "care",
            "health",
            "woman",
            "hospital",
            "patient",
            "society",
            "disabled",
            "treatment",
            "worker",
            "doctor",
            "drug",
            "medical",
            "die",
            "elderly",
            "vulnerable",
            "welfare",
            "voluntary",
            "mother",
            "consultant",
            "disability",
            "nhs",
            "nurse",
            "charity",
            "cancer",
            "carer",
            "volunteer",
            "disable",
            "bed",
            "marriage",
            "life",
            "child",
            "social",
            "people",
            "home",
            "trust",
            "young",
            "work",
            "live",
            "age",
            "affect",
            "service",
            "hour",
            "group",
            "support",
            "condition",
            "time",
            "staff",
            "ensure",
            "week",
            "issue",
            "give",
            "good",
            "year",
            "make",
            "case",
            "specific",
            "recommendation",
            "reply",
            "document",
            "judgment",
            "suggestion",
            "executive",
            "reject",
            "withdraw",
            "complaint",
            "inquiry",
            "fairly",
            "investigate",
            "acceptable",
            "allegation",
            "satisfy",
            "publication",
            "manner",
            "detailed",
            "legitimate",
            "cabinet",
            "thirdly",
            "consult",
            "concession",
            "finding",
            "explanation",
            "impression",
            "ministerial",
            "inspector",
            "prepared",
            "appeal",
            "criticism",
            "possibility",
            "decision",
            "matter",
            "write",
            "recall",
            "secretary",
            "minister",
            "statement",
            "proposal",
            "request",
            "report",
            "decide",
            "answer",
            "concern",
            "independent",
            "question",
            "accept",
            "clear",
            "understand",
            "official",
            "proper",
            "regard",
            "case",
            "state",
            "make",
            "view",
            "response",
            "review",
            "committee",
            "point",
            "raise",
            "give",
            "issue",
            "position",
            "suggest",
            "government",
            "deal",
            "discuss",
            "agreement",
            "european",
            "foreign",
            "objective",
            "union",
            "european_union",
            "adopt",
            "democratic",
            "border",
            "fundamental",
            "strengthen",
            "undermine",
            "treaty",
            "global",
            "conference",
            "aid",
            "convention",
            "emerge",
            "stability",
            "framework",
            "devolve",
            "international",
            "negotiation",
            "coalition",
            "refugee",
            "flexibility",
            "leadership",
            "consensus",
            "constructive",
            "island",
            "role",
            "agenda",
            "solution",
            "partner",
            "sustainable",
            "country",
            "freedom",
            "process",
            "play",
            "share",
            "political",
            "forward",
            "world",
            "relationship",
            "commitment",
            "community",
            "part",
            "government",
            "reform",
            "important",
            "national",
            "achieve",
            "agree",
            "policy",
            "support",
            "hold",
            "set",
            "change",
            "recognise",
            "work",
            "state",
            "make",
            "issue",
            "good",
            "talk",
            "party",
            "bring",
            "local",
            "housing",
            "build",
            "local_authoritie",
            "transport",
            "road",
            "region",
            "authority",
            "land",
